gig_id,seller,seller_level,score,score_num,title,currency,price_start,keyword,results_count,last_modified_date
97739515,mskaymeek,Level 2 Seller,5,134,I will write an excellent SEO amazon product listing description with great copywriting,€,32.61,Copywriting,975,2019-03-29T16:34:20Z
122718212,vianale2018,NA,5,4,I will create professional medical copywriting pieces for you,€,51.24,Copywriting,975,2019-03-29T16:34:20Z
117021591,francescatrdd,Level 2 Seller,5,27,I will do persuasive high conversion copywriting for your needs,€,13.97,Copywriting,975,2019-03-29T16:34:20Z
2000428,diasy13,Level 1 Seller,5,111,I will be your professional copywriter for unique website content,€,88.51,Copywriting,975,2019-03-29T16:34:20Z
106638599,deryano,Level 2 Seller,5,573,I will write a killer SEO amazon listing product description fba ad copywrite,€,51.24,Copywriting,975,2019-03-29T16:34:20Z
116493655,katewilliams856,Level 1 Seller,4.9,37,I will be your website copywriter,€,37.27,Copywriting,975,2019-03-29T16:34:20Z
123840071,tekreation,Level 1 Seller,4.7,13,I will create compelling copywriting for you,€,23.29,Copywriting,975,2019-03-29T16:34:20Z
124514786,prue777,Level 1 Seller,5,12,I will create powerful and persuasive copywriting for you,€,4.66,Copywriting,975,2019-03-29T16:34:20Z
117029673,flossiechan,NA,4.9,8,I will write chinese or english original copywriting for you,€,4.66,Copywriting,975,2019-03-29T16:34:20Z
26287222,khalidmagnus,Level 2 Seller,5,86,I will create persuasive copywriting that grows your business,€,32.61,Copywriting,975,2019-03-29T16:34:20Z
1782670,amyample,Top Rated Seller,4.9,427,"I will write incredible web content, copywriting made easy",€,27.95,Copywriting,975,2019-03-29T16:34:20Z
98434921,mariellaitaly,Level 2 Seller,5,155,I will be your new italian copywriting heroine,€,4.66,Copywriting,975,2019-03-29T16:34:20Z
102728708,bar_amdavid,Level 2 Seller,5,126,"I will maximize your amazon listings copywriting, seo, ppc, appear on top searches",€,13.97,Copywriting,975,2019-03-29T16:34:20Z
4109816,cyaxrex,Level 1 Seller,5,674,I will provide you with SEO content and copywriting,€,13.97,Copywriting,975,2019-03-29T16:34:20Z
119810024,rtabachnik,NA,5,2,"I will provide compelling, expert copywriting",€,186,Copywriting,975,2019-03-29T16:34:20Z
89472946,jakeeck,Level 2 Seller,5,257,I will provide professional copywriting for SEO website content and article writing,€,140,Copywriting,975,2019-03-29T16:34:20Z
115692491,saad_hussain1,Level 1 Seller,5,35,I will design powerpoint presentation and pitch deck with copywriting services,€,9.32,Copywriting,975,2019-03-29T16:34:20Z
4200861,levinewman,Top Rated Seller,5,1000,"I will create unique sales, ad, and website copywriting",€,51.24,Copywriting,975,2019-03-29T16:34:20Z
116029810,sarahgordon1515,NA,5,2,I will provide expert business copywriting,€,93.16,Copywriting,975,2019-03-29T16:34:21Z
101682039,dmutabwa,Level 1 Seller,5,34,"I will create researched sales, ad, and website copywriting",€,23.29,Copywriting,975,2019-03-29T16:34:21Z
125095410,fanayo,NA,5,2,I will provide professional copywriting for SEO website content,€,27.95,Copywriting,975,2019-03-29T16:34:21Z
123807372,cen_mejia,NA,5,1,I will provide powerful and impact driven copywriting,€,37.27,Copywriting,975,2019-03-29T16:34:21Z
107765513,emmalott,NA,NA,NA,I will be your copy writer,€,46.58,Copywriting,975,2019-03-29T16:34:21Z
39350295,carrieglenn,NA,5,44,I will do killer copywriting for your website or business,€,126,Copywriting,975,2019-03-29T16:34:21Z
19463137,crownservices,Level 1 Seller,4.9,173,I will be your persuasive copywriter for engaging website content,€,27.95,Copywriting,975,2019-03-29T16:34:21Z
123796717,elenachiaradia,NA,5,8,I will be the copywriter you need for any kind of content,€,27.95,Copywriting,975,2019-03-29T16:34:21Z
120879521,chizel14,Level 2 Seller,5,19,I will deliver copywriting that converts,€,46.58,Copywriting,975,2019-03-29T16:34:21Z
106757245,sarahgordon1515,NA,5,16,I will provide targeted content and expert website copywriting,€,93.16,Copywriting,975,2019-03-29T16:34:21Z
113725121,anujigunasekara,NA,5,4,I will be your beauty copywriter for skin and hair care products,€,9.32,Copywriting,975,2019-03-29T16:34:21Z
73132231,peakwriter20,Level 2 Seller,4.9,75,I will do professional copywriting for your website or print ad,€,32.61,Copywriting,975,2019-03-29T16:34:21Z
117120294,cms123,Level 1 Seller,5,10,I will create powerful and persuasive copywriting for your website,€,46.58,Copywriting,975,2019-03-29T16:34:21Z
122866099,tooraweena,NA,4.3,6,I will do professional copywriting for your website,€,32.61,Copywriting,975,2019-03-29T16:34:21Z
106566524,digitalgeek247,Level 2 Seller,5,60,"I will be your seo website content writer, copywriter or copywriting",€,46.58,Copywriting,975,2019-03-29T16:34:21Z
107938846,gk_copywriter,NA,5,26,I will put the wisdom of the copywriting legends to work for you,€,46.58,Copywriting,975,2019-03-29T16:34:21Z
73604776,velint,NA,4.9,198,I will do creative writing and be your professional copywriter,€,4.66,Copywriting,975,2019-03-29T16:34:21Z
33714300,sales_driver,Level 2 Seller,4.9,120,I will be your professional marketing brochure content copywriter or company profile,€,46.58,Copywriting,975,2019-03-29T16:34:21Z
79931106,mktgstar,Top Rated Seller,5,142,I will create professional copywriting for your business,€,88.51,Copywriting,975,2019-03-29T16:34:21Z
102673260,proof_valerie,Level 2 Seller,4.9,219,I will copy write awesome SEO amazon product listings descriptions,€,4.66,Copywriting,975,2019-03-29T16:34:21Z
5851553,david_ff,Level 2 Seller,4.9,1000,I will solve all of your copywriting needs,€,4.66,Copywriting,975,2019-03-29T16:34:21Z
59553559,sales_driver,Level 2 Seller,4.9,62,I will copywrite a banner ad or business flyer copy that sells,€,9.32,Copywriting,975,2019-03-29T16:34:21Z
25708822,mckayjessy12,Level 2 Seller,4.9,63,"I will write a killer sales copy, landing page, web copy as your copywriter",€,13.97,Copywriting,975,2019-03-29T16:34:21Z
119275034,theguruteam,Level 2 Seller,5,41,"I will be your professional website copywriter, web content writer",€,4.66,Copywriting,975,2019-03-29T16:34:21Z
123218888,amiriania,NA,5,8,"I will create powerful sales pitches, ads and website copywriting",€,9.32,Copywriting,975,2019-03-29T16:34:21Z
1063186,wheyproteinin,Level 2 Seller,5,585,"I will offer copywriting, rewriting your 150 word existing copy",€,69.87,Copywriting,975,2019-03-29T16:34:21Z
107728286,welshwanderlust,Level 2 Seller,5,81,"I will do content marketing, copywriting and social media marketing for your business",€,27.95,Copywriting,975,2019-03-29T16:34:21Z
120201839,joelwretborn,Level 1 Seller,5,5,I will provide professional copywriting in swedish,€,4.66,Copywriting,975,2019-03-29T16:34:21Z
122452002,tommy_write,Level 1 Seller,5,6,I will write your sales copy and do brochure content copywriting,€,4.66,Copywriting,975,2019-03-29T16:34:21Z
121807079,francescatrdd,Level 2 Seller,5,6,I will do high conversion facebook ads copywriting,€,13.97,Copywriting,975,2019-03-29T16:34:21Z
67432631,xtreamdesigners,Level 1 Seller,5,4,I will be your graphic designer and graphic artist,€,4.67,Graphic Design,5437,2019-03-29T16:34:21Z
51582209,janith,Level 2 Seller,5,450,I will do any graphic design,€,9.33,Graphic Design,5437,2019-03-29T16:34:21Z
69967541,dimpledollterry,Level 2 Seller,5,199,I will custom design graphic work anything you need,€,23.33,Graphic Design,5437,2019-03-29T16:34:21Z
112838878,ryfkriefky,NA,4.3,54,I will make some illustration and graphic design,€,28,Graphic Design,5437,2019-03-29T16:34:21Z
57048939,ana_vallejo,Level 2 Seller,5,293,"I will design patch, badge, sticker, label or any graphic design",€,14,Graphic Design,5437,2019-03-29T16:34:21Z
106028520,xboyzayan2000,Level 2 Seller,4.9,304,I will do any graphic design job in 6 hours,€,9.33,Graphic Design,5437,2019-03-29T16:34:21Z
124231028,iraidamakarova,NA,3.9,8,I will graphic designer with extensive,€,9.33,Graphic Design,5437,2019-03-29T16:34:21Z
124789517,beckberrington,NA,5,6,I will be your personal dedicated graphic designer,€,23.33,Graphic Design,5437,2019-03-29T16:34:21Z
39501830,alizatouch,Level 2 Seller,5,783,"I will design,redesign, modify, redraw,edit logo or any graphic",€,18.66,Graphic Design,5437,2019-03-29T16:34:21Z
53195649,alextes,Top Rated Seller,5,522,I will execute your graphic design fundamentals,€,9.33,Graphic Design,5437,2019-03-29T16:34:21Z
119929853,dimidesign,Level 2 Seller,5,125,I will be your personal professional graphic designer,€,9.33,Graphic Design,5437,2019-03-29T16:34:21Z
121794987,muniya82,Level 1 Seller,5,32,I will create professional graphic t shirt design,€,9.33,Graphic Design,5437,2019-03-29T16:34:21Z
120490931,tafilis,Level 2 Seller,5,125,I will do everything about graphic design and digital art for you,€,37.33,Graphic Design,5437,2019-03-29T16:34:21Z
124341990,anamasgharr,NA,4.9,38,I will be your professional graphic designer or graphic artist,€,14,Graphic Design,5437,2019-03-29T16:34:21Z
34014350,aj_creative,Level 2 Seller,4.9,452,I will accomplish any kind of graphic design,€,9.33,Graphic Design,5437,2019-03-29T16:34:21Z
116818910,radee_official,Level 2 Seller,5,104,I will do any graphic design,€,9.33,Graphic Design,5437,2019-03-29T16:34:21Z
30967495,natashajimmy,Level 2 Seller,4.7,210,I will do any kind of graphic design and logo design,€,4.67,Graphic Design,5437,2019-03-29T16:34:21Z
56613074,brand_lee,Level 2 Seller,4.9,109,I will be a non stop graphic designer for you,€,28,Graphic Design,5437,2019-03-29T16:34:21Z
107953768,siddharth18889,Level 1 Seller,5,14,I will create 8 bit pixel art graphics design,€,4.67,Graphic Design,5437,2019-03-29T16:34:21Z
98371872,soma_1996,Level 2 Seller,4.9,134,I will design unique and creative tshirt bags mugs graphics,€,23.33,Graphic Design,5437,2019-03-29T16:34:21Z
102414933,afnankhan945,Level 1 Seller,4.9,203,"I will be your professional graphic designer photoshop, illustrator",€,4.67,Graphic Design,5437,2019-03-29T16:34:21Z
101145289,arcreation,Level 2 Seller,4.9,68,I will design unique flat minimalist graphic icons,€,4.67,Graphic Design,5437,2019-03-29T16:34:21Z
119340438,hassan_services,Level 2 Seller,4.8,137,I will be your professional graphic designer or graphic artist,€,9.33,Graphic Design,5437,2019-03-29T16:34:21Z
3191618,designer_00,Level 2 Seller,5,491,I will design graphics for your amazon listings,€,4.67,Graphic Design,5437,2019-03-29T16:34:21Z
107647478,bigvee,Level 1 Seller,5,136,I will design amazon product listing graphics,€,9.33,Graphic Design,5437,2019-03-29T16:34:21Z
3372145,raminder,Level 2 Seller,5,1000,I will do any kind of graphic design within 12 hrs,€,9.33,Graphic Design,5437,2019-03-29T16:34:21Z
88888301,louistyle,Level 2 Seller,5,208,I will do premium quality photoshop work and graphics designs,€,9.33,Graphic Design,5437,2019-03-29T16:34:21Z
101621733,fawadslm1,Level 2 Seller,5,185,I will do any graphics designing work for you within timeline,€,9.33,Graphic Design,5437,2019-03-29T16:34:21Z
104691208,ionicsignatures,Level 2 Seller,5,36,I will format whitepaper and company profile with professional graphic design,€,23.33,Graphic Design,5437,2019-03-29T16:34:21Z
29295840,mehshan,Level 2 Seller,5,1000,I will be your professional graphic designer,€,9.33,Graphic Design,5437,2019-03-29T16:34:21Z
75147001,gfxdesignerf,Level 2 Seller,5,809,I will do a unique and professional logo design and graphic design,€,9.33,Graphic Design,5437,2019-03-29T16:34:21Z
74632101,creativeplanets,Level 2 Seller,5,520,I will do any graphic design work,€,4.67,Graphic Design,5437,2019-03-29T16:34:21Z
120447699,pr0_designs,Level 2 Seller,4.9,43,I will be your personal professional graphic designer,€,41.99,Graphic Design,5437,2019-03-29T16:34:21Z
111438135,l_nuge,Level 2 Seller,5,98,I will design an illustration for your graphic or web or app needs,€,14,Graphic Design,5437,2019-03-29T16:34:21Z
122170847,ashlye_naila,Level 1 Seller,5,42,I will do any professional graphic design in illustration,€,4.67,Graphic Design,5437,2019-03-29T16:34:21Z
104630991,ydhissi,Level 2 Seller,5,417,I will be your graphic designer,€,18.66,Graphic Design,5437,2019-03-29T16:34:21Z
5242693,rajamohsinkhan,Level 2 Seller,5,592,I will fulfil your graphic design needs within 48 hours,€,23.33,Graphic Design,5437,2019-03-29T16:34:21Z
114531224,unseen11,NA,5,7,I will make graphic design or illustration,€,32.66,Graphic Design,5437,2019-03-29T16:34:21Z
1917907,volunteer,Top Rated Seller,5,1000,I will fulfill your graphic design needs within 48 hours,€,9.33,Graphic Design,5437,2019-03-29T16:34:21Z
24711922,ara49_official,Level 2 Seller,5,1000,I will do any graphic design,€,18.66,Graphic Design,5437,2019-03-29T16:34:21Z
122835963,aistegi,Level 1 Seller,5,19,I will design modern flat style graphics,€,18.66,Graphic Design,5437,2019-03-29T16:34:21Z
97785870,alamaramahfuza,Level 2 Seller,5,277,"I will do ultimate photoshop editing, graphics design, logo design",€,4.67,Graphic Design,5437,2019-03-29T16:34:21Z
110324972,yourssolution,Level 2 Seller,5,221,I will do any graphic design works,€,4.67,Graphic Design,5437,2019-03-29T16:34:21Z
117796674,malikyamin,Level 1 Seller,5,38,I will do professional graphic designing,€,9.33,Graphic Design,5437,2019-03-29T16:34:21Z
4619060,suhailshaikh,Level 2 Seller,5,585,I will do any graphic design work,€,4.67,Graphic Design,5437,2019-03-29T16:34:21Z
93136416,tirth111,Level 1 Seller,4.9,378,I will do any graphic design job in 24hrs,€,4.67,Graphic Design,5437,2019-03-29T16:34:21Z
111380718,jack619,NA,4.9,11,I will be your personal graphic designer,€,9.33,Graphic Design,5437,2019-03-29T16:34:21Z
2554277,venkateshvinod,Level 2 Seller,5,365,I will be your custom graphic designer and editor,€,4.67,Graphic Design,5437,2019-03-29T16:34:21Z
111164435,sawandhamelia,Level 1 Seller,4.9,16,I will do mobile app development,€,140,Mobile App Development,12591,2019-03-29T16:34:21Z
124275138,nomi13ok,NA,5,4,I will do mobile app development in swift,€,373,Mobile App Development,12591,2019-03-29T16:34:21Z
124999730,sukarnoo,New Arrival,5,5,I will do mobile app development and mobile app development,€,4.66,Mobile App Development,12591,2019-03-29T16:34:21Z
109108614,mukeshshah280,Level 1 Seller,5,41,I will do anything in mobile application development,€,335,Mobile App Development,12591,2019-03-29T16:34:21Z
4626017,nomadicoffice,Level 2 Seller,4.9,380,I will give you my mobile app development plan,€,4.66,Mobile App Development,12591,2019-03-29T16:34:21Z
20852897,mayankpatel293,Level 2 Seller,5,189,I will do ios mobile app development,€,326,Mobile App Development,12591,2019-03-29T16:34:21Z
124255531,wizardevelopper,NA,5,2,"I will do mobile app development, mobile app development",€,4.66,Mobile App Development,12591,2019-03-29T16:34:21Z
99483583,ahmad4041,Level 1 Seller,5,7,I will be your android app developer and mobile app developer,€,4.66,Mobile App Development,12591,2019-03-29T16:34:21Z
123314383,celestinw7,NA,5,3,I will do mobile app development,€,46.58,Mobile App Development,12591,2019-03-29T16:34:21Z
105593110,carowhite,NA,5,1,I will do mobile app development and mobile app development,€,4.66,Mobile App Development,12591,2019-03-29T16:34:21Z
124863053,fantechlabs,NA,5,3,I will do mobile app development in ios,€,270,Mobile App Development,12591,2019-03-29T16:34:21Z
125222469,iamrasheed,New Arrival,5,1,I will do mobile app development for both android and ios,€,93.16,Mobile App Development,12591,2019-03-29T16:34:21Z
119173858,consagous_tech,NA,5,1,I will design and develop engaging ios mobile app,€,932,Mobile App Development,12591,2019-03-29T16:34:21Z
125328006,lord_mayorapps,New Arrival,5,1,"I will do mobile app development, web app, mobile app developer for android and ios",€,93.16,Mobile App Development,12591,2019-03-29T16:34:21Z
123291905,alhamiddevelope,NA,5,8,I will be your mobile app developer,€,279,Mobile App Development,12591,2019-03-29T16:34:21Z
45682579,jane_4,NA,5,118,I will be your mobile app developer,€,466,Mobile App Development,12591,2019-03-29T16:34:21Z
124937831,supersalm,NA,5,2,I will do mobile app development,€,9.32,Mobile App Development,12591,2019-03-29T16:34:21Z
124278671,likeappdev,NA,5,1,I will do your mobile app development,€,4.66,Mobile App Development,12591,2019-03-29T16:34:21Z
105266946,mlsdev,NA,NA,NA,I will create a custom mobile app for your business,€,3727,Mobile App Development,12591,2019-03-29T16:34:21Z
123294110,vrajan_,NA,5,1,I will do mobile app development,€,326,Mobile App Development,12591,2019-03-29T16:34:21Z
125987763,ricardoneves93,NA,NA,NA,I will convert your website to a mobile application,€,32.61,Mobile App Development,12591,2019-03-29T16:34:21Z
125871450,parvinbudharap,NA,NA,NA,I will make 2d and 3d game in unity for mobile,€,27.95,Mobile App Development,12591,2019-03-29T16:34:21Z
125577611,davecab11,NA,5,2,I will create a professional android app for your commercial needs,€,9.32,Mobile App Development,12591,2019-03-29T16:34:21Z
124689307,hunterlins,NA,NA,NA,I will build an ios app in one week,€,37.27,Mobile App Development,12591,2019-03-29T16:34:21Z
123459735,fajartechnology,NA,NA,NA,I will do mobile application development,€,4.66,Mobile App Development,12591,2019-03-29T16:34:21Z
124644952,mipsolution,NA,5,1,"I will develop mobile application , web development",€,55.9,Mobile App Development,12591,2019-03-29T16:34:21Z
104506900,fruktorum,NA,5,12,I will develop high quality mobile app of any scale for ios android,€,4192,Mobile App Development,12591,2019-03-29T16:34:21Z
123219487,quy_tech,NA,5,3,I will do mobile app development,€,65.21,Mobile App Development,12591,2019-03-29T16:34:21Z
106404601,grt_team,NA,5,7,I will create amazing native ios app for you,€,279,Mobile App Development,12591,2019-03-29T16:34:21Z
122894685,design_develop_,Level 1 Seller,5,10,"I will do mobile apps development, android app or ios app",€,27.95,Mobile App Development,12591,2019-03-29T16:34:21Z
118645179,crimzee,Level 2 Seller,5,4,I will do IOS mobile app development in native professionally,€,18.63,Mobile App Development,12591,2019-03-29T16:34:21Z
124953426,handrey,New Arrival,5,1,I will be your mobile app developer,€,419,Mobile App Development,12591,2019-03-29T16:34:21Z
118106773,keyboard_ninja,Level 1 Seller,5,2,I will be your mobile app developer and app development consultant,€,65.21,Mobile App Development,12591,2019-03-29T16:34:21Z
123883897,adeelazhar,NA,5,1,I will do mobile app development,€,140,Mobile App Development,12591,2019-03-29T16:34:21Z
121697294,ankitpatel03,NA,5,1,I will do ios mobile app development,€,93.16,Mobile App Development,12591,2019-03-29T16:34:21Z
125361313,abhi_ansri,New Arrival,5,1,I will be your mobile app developer,€,466,Mobile App Development,12591,2019-03-29T16:34:21Z
125429097,d_lord_kelvin,NA,NA,NA,I will develop custom mobile app development,€,102,Mobile App Development,12591,2019-03-29T16:34:21Z
110643910,ritzkitz,Level 1 Seller,5,15,I will do mobile app development,€,4.66,Mobile App Development,12591,2019-03-29T16:34:21Z
123883443,adnan_akhtar,NA,NA,NA,I will be your mobile application developer,€,270,Mobile App Development,12591,2019-03-29T16:34:21Z
122048841,desmond_app,NA,5,4,I will be your mobile app developer,€,4.66,Mobile App Development,12591,2019-03-29T16:34:21Z
117908140,emiliadev,NA,NA,NA,I will do mobile app development,€,18.63,Mobile App Development,12591,2019-03-29T16:34:21Z
112490545,ddhams,NA,5,8,I will expert in mobile app development,€,4.66,Mobile App Development,12591,2019-03-29T16:34:21Z
48230374,saddar4u,NA,5,4,I will be your mobile app developer,€,93.16,Mobile App Development,12591,2019-03-29T16:34:21Z
105114750,sammiullah777,NA,NA,NA,I will do android application development mobile application,€,4.66,Mobile App Development,12591,2019-03-29T16:34:21Z
123082976,web_pro12,NA,5,2,I will mobile app development mobile app development mobile responsive,€,46.58,Mobile App Development,12591,2019-03-29T16:34:21Z
113714897,aiisgreat,NA,5,5,I will do mobile app design and development,€,466,Mobile App Development,12591,2019-03-29T16:34:21Z
123440410,xcoders,Level 1 Seller,5,1,I will develop android app or mobile app development in android,€,13.97,Mobile App Development,12591,2019-03-29T16:34:21Z
118241978,mananhamza,NA,5,7,I will do mobile app development,€,4.66,Mobile App Development,12591,2019-03-29T16:34:21Z
125531445,vogunremi,NA,NA,NA,I will write press release and do press release writing,€,9.32,Press release Writing,2094,2019-03-29T16:34:21Z
76385171,jamesmorris9553,NA,4.9,132,I will write press release and distribute press release,€,4.66,Press release Writing,2094,2019-03-29T16:34:21Z
98172050,faswaldo,NA,4.9,170,I will write a press release,€,93.16,Press release Writing,2094,2019-03-29T16:34:21Z
122575702,taggroup64,NA,5,5,I will write a press pitch and release plus pro tips,€,140,Press release Writing,2094,2019-03-29T16:34:21Z
124428654,olivia_prolead,NA,4.6,3,I will write press release with press release distribution,€,4.66,Press release Writing,2094,2019-03-29T16:34:21Z
105611417,tracydesk,Level 1 Seller,5,9,I will write press release with press release distribution,€,18.63,Press release Writing,2094,2019-03-29T16:34:21Z
113448861,newwaymedia,Level 2 Seller,5,131,I will do best press release writing with distribution on fiverr,€,32.61,Press release Writing,2094,2019-03-29T16:34:21Z
104421005,annepetry,Level 2 Seller,5,69,I will write press release with press release distribution,€,9.32,Press release Writing,2094,2019-03-29T16:34:21Z
111589987,contentcreatez,Level 2 Seller,4.9,42,I will write press release and do press release distribution,€,18.63,Press release Writing,2094,2019-03-29T16:34:21Z
38788985,kathedesk,Level 1 Seller,4.9,71,I will write press release and distribute press release,€,4.66,Press release Writing,2094,2019-03-29T16:34:21Z
21953432,fiverrgig,Level 2 Seller,4.9,210,I will be your creative press release writer,€,13.97,Press release Writing,2094,2019-03-29T16:34:21Z
123146369,margretscott400,NA,4.8,7,I will write a compelling press release,€,4.66,Press release Writing,2094,2019-03-29T16:34:21Z
122566956,lucyconaty,NA,5,1,I will professional and engaging press release writing,€,4.66,Press release Writing,2094,2019-03-29T16:34:21Z
109538765,emmaki,NA,5,16,I will write a press release that engages and converts,€,116,Press release Writing,2094,2019-03-29T16:34:21Z
118632307,geniuswriter199,NA,5,24,I will write press release with press release distribution,€,9.32,Press release Writing,2094,2019-03-29T16:34:21Z
122652825,aliyahlina,NA,NA,NA,I will provide a professional press release writing service,€,23.29,Press release Writing,2094,2019-03-29T16:34:21Z
101524375,many_solutions,Level 2 Seller,5,56,I will do outstanding press release writing with SEO keywords,€,9.32,Press release Writing,2094,2019-03-29T16:34:21Z
100778619,mdiroc,NA,5,2,I will write the best press release on fiverr,€,93.16,Press release Writing,2094,2019-03-29T16:34:21Z
77013556,patyperez,Level 2 Seller,4.9,36,I will write press release and do press release distribution,€,18.63,Press release Writing,2094,2019-03-29T16:34:21Z
90448321,carlenedesk,NA,5,3,I will write press release with press release distribution,€,4.66,Press release Writing,2094,2019-03-29T16:34:21Z
125806276,mckinley_phil,NA,NA,NA,I will write a short introduction to a speaker or  honoree,€,65.21,Press release Writing,2094,2019-03-29T16:34:21Z
125383016,mrberry9,NA,NA,NA,I will write a press release,€,140,Press release Writing,2094,2019-03-29T16:34:21Z
124676916,saucycupcake,NA,NA,NA,I will write a professional and engaging SEO optimized press release,€,32.61,Press release Writing,2094,2019-03-29T16:34:21Z
107901706,paulnixey,NA,NA,NA,I will write content that gets you headlines,€,93.16,Press release Writing,2094,2019-03-29T16:34:21Z
100154377,emmaki,NA,5,29,I will write and distribute an amazing press release,€,242,Press release Writing,2094,2019-03-29T16:34:21Z
106882561,mary_cole,Level 1 Seller,5,9,I will write press release with press release distribution,€,4.66,Press release Writing,2094,2019-03-29T16:34:21Z
106228695,thought_bubble,NA,5,30,I will create ap style press releases to help you earn coverage,€,140,Press release Writing,2094,2019-03-29T16:34:21Z
23029192,joanwright,NA,4.6,67,I will write your press release,€,9.32,Press release Writing,2094,2019-03-29T16:34:21Z
120381869,seoanalyst2,NA,5,1,I will write 400 words press release with press release distribute,€,4.66,Press release Writing,2094,2019-03-29T16:34:21Z
119840937,rickyebenco,NA,NA,NA,I will 500 words press release writing n distribution to 500 sites,€,9.32,Press release Writing,2094,2019-03-29T16:34:21Z
125424413,johnchannell,New Arrival,NA,NA,I will write a SEO rich press release,€,13.97,Press release Writing,2094,2019-03-29T16:34:21Z
124871149,daricechang,NA,NA,NA,I will write a bomb press release,€,279,Press release Writing,2094,2019-03-29T16:34:21Z
116685495,mariocarr1,NA,5,1,I will write a powerful book launch press release,€,121,Press release Writing,2094,2019-03-29T16:34:21Z
119535697,kanikaachar,NA,NA,NA,I will be your press release writing and distribution agency,€,9.32,Press release Writing,2094,2019-03-29T16:34:21Z
124433437,irfanramzan021,NA,NA,NA,I will news and press release writing expert,€,9.32,Press release Writing,2094,2019-03-29T16:34:21Z
99233057,fostermarsha7,NA,4.7,11,I will write press release with press release distribution,€,18.63,Press release Writing,2094,2019-03-29T16:34:21Z
109379718,servicespros,NA,NA,NA,I will do press release writing and distribution,€,9.32,Press release Writing,2094,2019-03-29T16:34:21Z
125430107,copywriterzee,New Arrival,5,1,I will promote brand with press release writing and distribution,€,4.66,Press release Writing,2094,2019-03-29T16:34:21Z
103605895,amyrey1,Level 2 Seller,NA,NA,I will write press release and distribute press release,€,65.21,Press release Writing,2094,2019-03-29T16:34:21Z
124948239,khangkhang921,NA,NA,NA,I will offering good translation and press release writing,€,37.27,Press release Writing,2094,2019-03-29T16:34:21Z
115133874,israelss,NA,5,6,I will write press release with press release distribution,€,18.63,Press release Writing,2094,2019-03-29T16:34:21Z
115736120,mariocarr1,NA,5,1,I will write a high quality newsworthy press release,€,121,Press release Writing,2094,2019-03-29T16:34:21Z
104843709,nickyswriting,NA,5,2,I will write one professional press release,€,140,Press release Writing,2094,2019-03-29T16:34:21Z
126264226,super_unique,NA,NA,NA,I will press release professional writing,€,32.61,Press release Writing,2094,2019-03-29T16:34:21Z
123563347,miggykey,NA,NA,NA,I will write your crowdfunding press release,€,163,Press release Writing,2094,2019-03-29T16:34:21Z
107133806,painstaker,NA,5,1,I will write an interesting press release,€,9.32,Press release Writing,2094,2019-03-29T16:34:21Z
124471658,jay_rumer,NA,NA,NA,I will provide writing and press release distribution,€,182,Press release Writing,2094,2019-03-29T16:34:21Z
109723848,theladyofpr,NA,NA,NA,I will rock a press release,€,69.87,Press release Writing,2094,2019-03-29T16:34:21Z
122743962,amberconsults_,Level 1 Seller,4.8,40,I will brilliantly write your resume to ats standard,€,18.63,Resume Writing,2408,2019-03-29T16:34:21Z
3838973,thebackpacker,Level 2 Seller,4.9,1000,I will provide a professional resume writing service,€,60.56,Resume Writing,2408,2019-03-29T16:34:21Z
111725427,top_ratedresume,Level 2 Seller,4.9,489,"I will provide high quality ats resume writing, cv, cover letter, executive resume",€,32.61,Resume Writing,2408,2019-03-29T16:34:21Z
114472336,lisa_star,Level 2 Seller,4.8,88,"I will write,edit and design a professional cv,resume or portfolio",€,27.95,Resume Writing,2408,2019-03-29T16:34:21Z
72238276,yourhrcolleague,Top Rated Seller,5,105,"I will write federal resume or ksa for your targeted job, usajobs",€,46.58,Resume Writing,2408,2019-03-29T16:34:21Z
113960708,amyconsults,NA,4.7,155,"I will write,rewrite,design top notch resume and cover letter",€,18.63,Resume Writing,2408,2019-03-29T16:34:21Z
40595530,resume5xstar,Level 2 Seller,4.8,169,"I will write, edit or design resume,cv, cover letter and linkedin",€,18.63,Resume Writing,2408,2019-03-29T16:34:21Z
110140829,vidalwrites,NA,5,22,"I will be your resume writer for ats resume, resume rewrite and resume writing services",€,32.61,Resume Writing,2408,2019-03-29T16:34:21Z
17447744,seowriting94,Level 2 Seller,4.9,154,"I will provide excellent, executive resume writing service",€,37.27,Resume Writing,2408,2019-03-29T16:34:21Z
110915237,stevemossphd,Level 2 Seller,5,216,I will get you the job of your dreams through expert CV and cover letter writing,€,23.29,Resume Writing,2408,2019-03-29T16:34:21Z
28440100,slimzy_d_best,Level 2 Seller,4.9,325,"I will rewrite, design your resume, cv, cover letter, resume writer, resume writing",€,18.63,Resume Writing,2408,2019-03-29T16:34:21Z
111788911,selenamartin,Level 1 Seller,4.9,19,I will write MBA and business resumes,€,46.58,Resume Writing,2408,2019-03-29T16:34:21Z
124413018,caryvolpert,NA,4.6,17,I will write the best resume and cover letter of all time for you,€,23.29,Resume Writing,2408,2019-03-29T16:34:21Z
110692657,jewelbracydemai,NA,5,7,"I will provide professional resume writing, CV and linkedin services",€,554,Resume Writing,2408,2019-03-29T16:34:21Z
119019984,akmal22111,Level 1 Seller,4.9,36,"I will edit and rewrite resume, CV and resume writing",€,18.63,Resume Writing,2408,2019-03-29T16:34:21Z
21330372,kassand,Level 2 Seller,4.9,138,"I will write, rewrite, IT technical, engineer resume, cv, cover letter, resume writer",€,27.95,Resume Writing,2408,2019-03-29T16:34:21Z
122719776,shankresume,Level 1 Seller,4.9,34,I will write a professional resume and cover letter,€,18.63,Resume Writing,2408,2019-03-29T16:34:21Z
109011103,brightadvise,NA,4.7,7,I will write or translate your cv in english or dutch,€,27.95,Resume Writing,2408,2019-03-29T16:34:21Z
105636487,myrapro_hr,Level 2 Seller,4.9,116,"I will write,edit,create and  revamp your resume, cv, cl or linkedin",€,13.97,Resume Writing,2408,2019-03-29T16:34:21Z
115742078,jesse_gazar,Level 1 Seller,4.9,26,"I will write, edit, IT resume, engineering, cover letter,resume writer, resume writing",€,13.97,Resume Writing,2408,2019-03-29T16:34:21Z
118466937,kkaa77,NA,3,2,I will design and write up your professional resume,€,46.58,Resume Writing,2408,2019-03-29T16:34:21Z
119390305,jasminepr,NA,3.7,3,I will provide professional resume editing and writing services,€,9.32,Resume Writing,2408,2019-03-29T16:34:21Z
122376679,rantogomori,NA,NA,NA,I will write your professional resume and linkedin,€,41.92,Resume Writing,2408,2019-03-29T16:34:21Z
118756659,janessalayton,NA,NA,NA,I will write a new resume for your career search,€,83.85,Resume Writing,2408,2019-03-29T16:34:21Z
113855246,dbstahl,Level 2 Seller,5,60,I will write compelling resumes and linkedin profiles,€,177,Resume Writing,2408,2019-03-29T16:34:21Z
85767506,theprotouch_,Level 2 Seller,4.9,384,"I will edit, rewrite, design, resume, cv, cover letter, resume writing, resume writer",€,18.63,Resume Writing,2408,2019-03-29T16:34:21Z
109341852,brandlunge,NA,4.9,69,"I will provide ats resume rewrite,executive resume writing service,professional resume",€,13.97,Resume Writing,2408,2019-03-29T16:34:21Z
44102569,seoarticlepfs,Level 2 Seller,4.9,520,"I will provide executive resume writing services,ats resume rewrite, resume writer",€,37.27,Resume Writing,2408,2019-03-29T16:34:21Z
37618335,tommy21183,Level 1 Seller,4.9,152,I will write or rewrite your resume and cover letter,€,51.24,Resume Writing,2408,2019-03-29T16:34:21Z
2338805,elyssa,Level 2 Seller,4.9,1000,I will provide a professional resume designing and writing services,€,4.66,Resume Writing,2408,2019-03-29T16:34:21Z
117583569,premiumproduct,Level 2 Seller,4.9,15,"I will write your CV resume, cover letter and linkedin profile",€,27.95,Resume Writing,2408,2019-03-29T16:34:21Z
98975176,rowlingberth,Level 2 Seller,4.9,335,I will provide professional  resume writing service,€,18.63,Resume Writing,2408,2019-03-29T16:34:21Z
122890415,amberconsults_,Level 1 Seller,5,3,I will write a resume that will secure you an interview,€,13.97,Resume Writing,2408,2019-03-29T16:34:21Z
115722521,roseyleee,NA,5,12,"I will write, design a perfect resume, cv, cover letter, linkedin",€,9.32,Resume Writing,2408,2019-03-29T16:34:21Z
45613699,greatwriter68,Level 1 Seller,4.9,19,"I will provide it, technical, engineering resume writing services",€,13.97,Resume Writing,2408,2019-03-29T16:34:21Z
66782476,hekaconsulting,NA,5,39,"I will write a healthcare resume, medical cover letter, free 15 min interview prep call",€,112,Resume Writing,2408,2019-03-29T16:34:21Z
121642704,robert_hr,Level 1 Seller,4.9,99,"I will write cv, resume, cover letter, linkedin that gets you hired",€,41.92,Resume Writing,2408,2019-03-29T16:34:21Z
28854815,angelascript,Level 1 Seller,4.8,24,I will write an outstanding teacher resume and cover letter,€,18.63,Resume Writing,2408,2019-03-29T16:34:21Z
123093753,malikavats,NA,5,3,"I will write your digital resume, cover letter and linkedin",€,27.95,Resume Writing,2408,2019-03-29T16:34:21Z
101143691,lauraresume01,Level 2 Seller,4.8,55,"I will perfectly write and rewrite your resume, cv, cover letter and resume writer",€,9.32,Resume Writing,2408,2019-03-29T16:34:21Z
118943089,ceomichael,Level 2 Seller,5,125,I will provide a professional resume writing service,€,27.95,Resume Writing,2408,2019-03-29T16:34:21Z
116863233,onomejimi,Level 2 Seller,4.9,119,"I will provide professional resume writing service, CV writer and designer",€,9.32,Resume Writing,2408,2019-03-29T16:34:21Z
123991448,autumnaffair,NA,5,1,I will write or edit your resume for you,€,140,Resume Writing,2408,2019-03-29T16:34:21Z
46110139,seoarticlepfs,Level 2 Seller,4.9,93,"I will provide IT and technical resume services, ats resume, resume writer",€,37.27,Resume Writing,2408,2019-03-29T16:34:21Z
119307755,frostwrite_expt,Level 2 Seller,4.9,50,"I will professionally write resume, cover letters, linkedin profile",€,18.63,Resume Writing,2408,2019-03-29T16:34:21Z
33062675,career_uplift,Level 2 Seller,4.9,192,"I will offer a job winning technical engineering resume, cover letter writer, linkedin",€,37.27,Resume Writing,2408,2019-03-29T16:34:21Z
33593375,career_uplift,Level 2 Seller,4.9,232,"I will offer a professional nursing, medical resume cv, cover letter writer",€,27.95,Resume Writing,2408,2019-03-29T16:34:21Z
123763614,resume_pro01,NA,5,24,"I will edit, rewrite and design resume, cv, cover letter, resume writing, resume writer",€,13.97,Resume Writing,2408,2019-03-29T16:34:21Z
88223381,trackmap,Top Rated Seller,5,84,I will design custom marketing video,€,186,Video Marketing,588,2019-03-29T16:34:22Z
119083857,rexyvideos,Level 1 Seller,4.9,69,I will do killer facebook and instagram marketing video ad,€,9.32,Video Marketing,588,2019-03-29T16:34:22Z
109042640,rapper_man,Top Rated Seller,5,205,I will create a short and powerful internet marketing video,€,256,Video Marketing,588,2019-03-29T16:34:22Z
32141480,intermezzo9,Level 2 Seller,5,63,"I will edit your video for youtube, promotion, marketing, etc",€,23.29,Video Marketing,588,2019-03-29T16:34:22Z
103899527,leejohnsonvideo,Level 2 Seller,5,66,I will make this real estate video home selling marketing,€,13.97,Video Marketing,588,2019-03-29T16:34:22Z
109885312,leejohnsonvideo,Level 2 Seller,5,94,I will make a real estate video for summer marketing promo,€,9.32,Video Marketing,588,2019-03-29T16:34:22Z
77412051,alicia_20,Level 2 Seller,4.9,74,I will create animated marketing video for sales,€,37.27,Video Marketing,588,2019-03-29T16:34:22Z
114502832,graphicbirdseo,Level 1 Seller,4.9,83,I will do youtube promotion and viral video marketing,€,9.32,Video Marketing,588,2019-03-29T16:34:22Z
124203207,tubias_jem,NA,3.5,5,I will do twitch video marketing with real traffic and followers,€,9.32,Video Marketing,588,2019-03-29T16:34:22Z
125357915,urbandiva33,Level 1 Seller,5,1,I will create animated marketing video for business and sales,€,41.92,Video Marketing,588,2019-03-29T16:34:22Z
103902869,leejohnsonvideo,Level 2 Seller,5,33,I will make this real estate video home buying marketing,€,13.97,Video Marketing,588,2019-03-29T16:34:22Z
35489780,owedia,NA,4.9,19,I will be your video marketing manager for 1 month,€,55.9,Video Marketing,588,2019-03-29T16:34:22Z
121447393,smmfair,Level 1 Seller,5,54,I will do youtube promotion and marketing for your video,€,9.32,Video Marketing,588,2019-03-29T16:34:22Z
1431135,customdrumloops,Top Rated Seller,5,512,I will create a whiteboard marketing video for your business,€,74.53,Video Marketing,588,2019-03-29T16:34:22Z
98727537,gallywix,NA,5,26,"I will create a 2d animated series, explainer or marketing video",€,2236,Video Marketing,588,2019-03-29T16:34:22Z
115685055,roy1993,Level 1 Seller,5,99,I will do organic youtube marketing and video promotion,€,9.32,Video Marketing,588,2019-03-29T16:34:22Z
70450246,bethanydivaa,Level 2 Seller,5,5,I will create marketing video to boost business,€,41.92,Video Marketing,588,2019-03-29T16:34:22Z
119990586,georgetanner,Level 2 Seller,5,31,I will customize this real estate video marketing ad,€,18.63,Video Marketing,588,2019-03-29T16:34:22Z
111176806,cheryltanmedia,NA,NA,NA,I will create your video marketing strategy with you,€,326,Video Marketing,588,2019-03-29T16:34:22Z
120821871,mobegig,Level 2 Seller,5,4,I will create attractive real estate marketing video or promo ads,€,18.63,Video Marketing,588,2019-03-29T16:34:22Z
114457205,ishaqazhar,Level 2 Seller,5,37,I will create short animated videos for facebook and youtube marketing,€,37.27,Video Marketing,588,2019-03-29T16:34:22Z
106040386,eddy_motions,Level 2 Seller,5,137,I will make real estate listing promotional marketing video,€,4.66,Video Marketing,588,2019-03-29T16:34:22Z
113812060,bikarnaf,Level 2 Seller,5,32,I will create marketing explainer video,€,233,Video Marketing,588,2019-03-29T16:34:22Z
118846107,promeostudio,Level 2 Seller,5,8,I will make funny fitness marketing videos,€,23.29,Video Marketing,588,2019-03-29T16:34:22Z
746127,hokidsirem,Level 1 Seller,5,690,I will make you a great 30sec marketing video for your website or youtube,€,9.32,Video Marketing,588,2019-03-29T16:34:22Z
101888227,ironfist_,Level 1 Seller,4.9,101,I will do youtube promotion and video marketing,€,9.32,Video Marketing,588,2019-03-29T16:34:22Z
120884937,georgetanner,Level 2 Seller,5,8,I will boost your business or brand with video marketing,€,18.63,Video Marketing,588,2019-03-29T16:34:22Z
123317307,promeostudio,Level 2 Seller,5,2,I will make funny real estate marketing videos,€,23.29,Video Marketing,588,2019-03-29T16:34:22Z
70139606,thevisualcube,Level 2 Seller,5,75,I will create professional brand marketing video for your business,€,69.87,Video Marketing,588,2019-03-29T16:34:22Z
114333395,damithkalu,NA,5,6,I will youtube promotion and video marketing,€,4.66,Video Marketing,588,2019-03-29T16:34:22Z
122904440,promo_expert9,NA,5,39,I will do youtube video promotion and marketing for real traffic,€,9.32,Video Marketing,588,2019-03-29T16:34:22Z
120033790,promeostudio,Level 2 Seller,5,6,I will make funny marketing videos for business,€,23.29,Video Marketing,588,2019-03-29T16:34:22Z
112113067,topwriting1,Level 2 Seller,5,56,I will give over 100 marketing MRR and plr video series and ebooks,€,4.66,Video Marketing,588,2019-03-29T16:34:22Z
107395003,seosmmpro,Level 1 Seller,5,31,I will promote video on youtube high audience and marketing,€,13.97,Video Marketing,588,2019-03-29T16:34:22Z
116322346,blessmusa,NA,5,6,I will give you plr MRR modern facebook marketing training videos,€,4.66,Video Marketing,588,2019-03-29T16:34:22Z
110510838,onlineproducts,Level 1 Seller,5,5,I will give 20 business and marketing ebooks with training videos,€,9.32,Video Marketing,588,2019-03-29T16:34:22Z
122900869,promeostudio,Level 2 Seller,5,3,I will make funny pets and animals marketing videos,€,23.29,Video Marketing,588,2019-03-29T16:34:22Z
2837751,imbv_videos,Level 2 Seller,5,213,I will send you a marketing video for real estate agent,€,4.66,Video Marketing,588,2019-03-29T16:34:22Z
119595762,promeostudio,Level 2 Seller,5,14,I will make funny dance marketing videos,€,23.29,Video Marketing,588,2019-03-29T16:34:22Z
56716619,pickera,Top Rated Seller,5,78,I will customize this awesome video ad for marketing services,€,60.56,Video Marketing,588,2019-03-29T16:34:22Z
121319798,rikta07,NA,5,17,I will do massive youtube video promotion and marketing,€,9.32,Video Marketing,588,2019-03-29T16:34:22Z
118875665,rangamadushi91,Level 1 Seller,4.9,8,I will do youtube video promotion and marketing,€,9.32,Video Marketing,588,2019-03-29T16:34:22Z
113067422,digitaladser,Level 1 Seller,5,2,I will create commercial or promotional marketing video ads,€,27.95,Video Marketing,588,2019-03-29T16:34:22Z
120245477,mrinmoyhaldarm,NA,4.8,20,I will do organic youtube marketing and video promotion fast,€,4.66,Video Marketing,588,2019-03-29T16:34:22Z
122902391,promeostudio,Level 2 Seller,5,2,I will make funny cleaning service marketing videos,€,23.29,Video Marketing,588,2019-03-29T16:34:22Z
99579364,aliceparr,NA,5,79,I will be your brand marketing video spokesperson,€,51.24,Video Marketing,588,2019-03-29T16:34:22Z
120784733,promeostudio,Level 2 Seller,4.5,4,I will make funny sales booster marketing videos,€,23.29,Video Marketing,588,2019-03-29T16:34:22Z
118876816,promeostudio,Level 2 Seller,5,41,I will make funny real estate marketing videos,€,23.29,Video Marketing,588,2019-03-29T16:34:22Z
5708657,taylorkaye,Level 2 Seller,4.9,1000,I will do a voiceover for you,€,18.63,Voiceover,7066,2019-03-29T16:34:22Z
122379212,tlimpert,NA,5,45,I will record a professional natural american male voice over,€,93.16,Voiceover,7066,2019-03-29T16:34:22Z
88081596,voiceoverholly,Level 2 Seller,5,759,I will create a professional american female voice over,€,13.97,Voiceover,7066,2019-03-29T16:34:22Z
102436929,jonnyl1,Top Rated Seller,5,861,I will record a world class american male voiceover,€,41.92,Voiceover,7066,2019-03-29T16:34:22Z
109448078,daniel_vallberg,Level 2 Seller,5,76,I will record a world class swedish voice over,€,4.66,Voiceover,7066,2019-03-29T16:34:22Z
100589735,jensenogjensen,Level 1 Seller,5,16,"I will do male danish voice overs for radio, tv, and web",€,65.21,Voiceover,7066,2019-03-29T16:34:22Z
6736337,thebmstudios,Level 2 Seller,5,566,I will do broadcast quality mandarin chinese voiceover,€,18.63,Voiceover,7066,2019-03-29T16:34:22Z
29010335,genke712,Top Rated Seller,4.9,1000,"I will professionally record american female voice over, today",€,32.61,Voiceover,7066,2019-03-29T16:34:22Z
123315902,norskvoice,NA,5,12,I will do your norwegian voiceover and translation,€,4.66,Voiceover,7066,2019-03-29T16:34:22Z
102713032,matthewexell,Level 2 Seller,5,10,I will discount 30 per cent off your 900 words or more bbc trained voice over,€,74.53,Voiceover,7066,2019-03-29T16:34:22Z
121419332,scfsounds,NA,5,43,I will record a professional american male voice over narration,€,93.16,Voiceover,7066,2019-03-29T16:34:22Z
97253631,gregjohnsonvoic,Top Rated Seller,5,228,I will record a youthful millennial american male voice over,€,93.16,Voiceover,7066,2019-03-29T16:34:22Z
31769000,deevoice,Top Rated Seller,5,1000,"I will record a professional, american male voice over narration",€,37.27,Voiceover,7066,2019-03-29T16:34:22Z
195675,deepmalevoice,Level 2 Seller,5,1000,I will provide a professional deep male voice over within 24 hours,€,140,Voiceover,7066,2019-03-29T16:34:22Z
33687850,lbezzell,Level 2 Seller,5,1000,I will record a professional american female voice over,€,18.63,Voiceover,7066,2019-03-29T16:34:22Z
123922800,edbishopvo,NA,5,3,I will provide a professional male voice over for your project,€,116,Voiceover,7066,2019-03-29T16:34:22Z
122761280,ladyflash,Level 1 Seller,5,41,I will record professional female american voiceovers in 12 to 24 hrs,€,65.21,Voiceover,7066,2019-03-29T16:34:22Z
109170233,graciebyrdvo,Level 2 Seller,5,116,I will record your american female voice over today,€,23.29,Voiceover,7066,2019-03-29T16:34:22Z
45818239,mralsaybar,Level 2 Seller,5,162,"I will record a professional, studio quality voiceover",€,4.66,Voiceover,7066,2019-03-29T16:34:22Z
125708233,vocstudio,NA,NA,NA,I will record a male voice over and dubbing in hebrew,€,140,Voiceover,7066,2019-03-29T16:34:22Z
126069177,iammacmclean,NA,NA,NA,I will do an epic movie trailer deep male voice over,€,116,Voiceover,7066,2019-03-29T16:34:22Z
126069293,keivoiceover,NA,NA,NA,I will record a native japanese voice over,€,93.16,Voiceover,7066,2019-03-29T16:34:22Z
125893321,kevinmaxim,NA,NA,NA,I will provide relatable and compelling voice overs,€,46.58,Voiceover,7066,2019-03-29T16:34:22Z
123305577,tetreb89,NA,5,1,I will record serbian belgrade accent professional male voice over,€,9.32,Voiceover,7066,2019-03-29T16:34:22Z
124865390,elloisethomson,NA,5,1,I will record a professional female voice over,€,186,Voiceover,7066,2019-03-29T16:34:22Z
212799,santiagorios,NA,5,318,I will record a professional male voiceover in spanish,€,4.66,Voiceover,7066,2019-03-29T16:34:22Z
75684786,shadesofvoice,Level 2 Seller,5,389,I will record a professional german voice over,€,9.32,Voiceover,7066,2019-03-29T16:34:22Z
121462764,envymckee,NA,5,9,I will record a professional voice over with personality and style,€,93.16,Voiceover,7066,2019-03-29T16:34:22Z
122371710,keithhvoice,NA,4.9,4,I will record an american male voice over,€,93.16,Voiceover,7066,2019-03-29T16:34:22Z
31062040,ionebutler,Top Rated Seller,5,914,"I will record a professional british, english female voice over",€,46.58,Voiceover,7066,2019-03-29T16:34:22Z
4385210,martijnkoedam,Top Rated Seller,5,470,I will be your dutch voice over,€,23.29,Voiceover,7066,2019-03-29T16:34:22Z
4669405,musictools,Level 2 Seller,5,394,I will record your voice over in spanish,€,4.66,Voiceover,7066,2019-03-29T16:34:22Z
102942449,maxdupre,Level 2 Seller,5,29,"I will record a professional male italian voiceover, today",€,23.29,Voiceover,7066,2019-03-29T16:34:22Z
96669876,eric19604545,Top Rated Seller,5,374,"I will perform an epic, deep  american male voice over",€,46.58,Voiceover,7066,2019-03-29T16:34:22Z
35554815,tom_freeman,Level 2 Seller,5,890,I will record a professional british male voiceover voice over,€,9.32,Voiceover,7066,2019-03-29T16:34:22Z
102339860,coolic,Level 1 Seller,5,29,I will record male voice over in serbian,€,9.32,Voiceover,7066,2019-03-29T16:34:22Z
479773,markc1542,Level 2 Seller,5,1000,I will record a professional male voice over for your project,€,23.29,Voiceover,7066,2019-03-29T16:34:22Z
3063407,jimkeeley,Top Rated Seller,5,1000,I will record a 100 word pro voice over,€,93.16,Voiceover,7066,2019-03-29T16:34:22Z
12335774,kojiasano,Level 2 Seller,5,457,I will record a professional male japanese voiceover,€,4.66,Voiceover,7066,2019-03-29T16:34:22Z
61438604,ndeahna,Top Rated Seller,5,442,I will record a professional female voice over in german or english,€,9.32,Voiceover,7066,2019-03-29T16:34:22Z
37402520,digital_snowman,Level 2 Seller,5,1000,I will record a british voice over for you HQ wav file as standard,€,4.66,Voiceover,7066,2019-03-29T16:34:22Z
70563051,jungdem,Top Rated Seller,5,449,I will record a professional  german voiceover,€,23.29,Voiceover,7066,2019-03-29T16:34:22Z
122909804,ukvoicepro,NA,5,6,I will record professional british voiceover,€,4.66,Voiceover,7066,2019-03-29T16:34:22Z
57763389,berniebaggarly,Level 2 Seller,5,753,"I will quickly record a pro, american male voice over narration",€,4.66,Voiceover,7066,2019-03-29T16:34:22Z
82638626,daedragon,Level 2 Seller,5,202,I will record an all natural korean male voiceover within 24hours,€,4.66,Voiceover,7066,2019-03-29T16:34:22Z
31424245,bdarling17,Top Rated Seller,5,1000,I will deliver a corporate powerful sincere trustworthy voice over,€,37.27,Voiceover,7066,2019-03-29T16:34:22Z
41811194,roxyvox,Top Rated Seller,5,672,I will record a professional british voice over,€,27.95,Voiceover,7066,2019-03-29T16:34:22Z
125618764,deepthoughtsmed,New Arrival,5,11,I will record an american female voice over,€,4.66,Voiceover,7066,2019-03-29T16:34:22Z
85245866,hostog,Level 2 Seller,5,260,I will build ecommerce website online store,€,140,Website Building,5911,2019-03-29T16:34:22Z
122901970,mattgmack,NA,5,14,"I will build shopify store, shopify website, ecommerce store",€,69.87,Website Building,5911,2019-03-29T16:34:22Z
12589859,alitashi,Top Rated Seller,5,1000,I will build professional wordpress website or blog,€,135,Website Building,5911,2019-03-29T16:34:22Z
110550570,create_a_dream,Level 1 Seller,4.8,16,I will build a custom website to promote your brand,€,140,Website Building,5911,2019-03-29T16:34:22Z
74176851,rahulranakoti,Level 2 Seller,5,273,I will build website or make changes in your website,€,55.9,Website Building,5911,2019-03-29T16:34:22Z
125264908,codepanda,Level 1 Seller,5,4,I will build a stunning bandzoogle website and store,€,46.58,Website Building,5911,2019-03-29T16:34:22Z
108059517,writerhermitant,NA,5,6,I will build beautiful wordpress website with full customization,€,65.21,Website Building,5911,2019-03-29T16:34:22Z
49456964,zainmalik96,Top Rated Seller,5,316,I will build responsive wordpress website design and blog,€,102,Website Building,5911,2019-03-29T16:34:22Z
100821223,mohammedumer,Level 1 Seller,4.8,442,I will build a complete shopify store shopify website,€,27.95,Website Building,5911,2019-03-29T16:34:22Z
32698680,aamir002,Top Rated Seller,5,179,I will build responsive wordpress website design and blog,€,102,Website Building,5911,2019-03-29T16:34:22Z
87115721,usamarehan,Top Rated Seller,5,148,I will build responsive wordpress website design,€,140,Website Building,5911,2019-03-29T16:34:22Z
55209154,asad_rehman_se,Top Rated Seller,5,394,I will do web design and build complete website,€,83.85,Website Building,5911,2019-03-29T16:34:22Z
103276632,sociallyadeptso,NA,5,5,I will build you a stunning website,€,1677,Website Building,5911,2019-03-29T16:34:22Z
2964933,rchourrane,Level 2 Seller,4.9,284,I will build a website for your business,€,37.27,Website Building,5911,2019-03-29T16:34:22Z
121726717,ilike2work,NA,5,11,I will build a top notch responsive wordpress website,€,9.32,Website Building,5911,2019-03-29T16:34:22Z
111360252,wpseomastery,Level 2 Seller,5,122,I will create a full website using elementor pro page builder in 24 hrs,€,93.16,Website Building,5911,2019-03-29T16:34:22Z
112552400,asmamalik75,Level 2 Seller,5,57,I will create responsive website design or build ecommerce website,€,83.85,Website Building,5911,2019-03-29T16:34:22Z
109106206,jazerxx,Level 1 Seller,4.9,87,I will build responsive wordpress website design,€,37.27,Website Building,5911,2019-03-29T16:34:22Z
112326634,heavisidegroup,NA,5,14,I will build a custom wordpress website,€,927,Website Building,5911,2019-03-29T16:34:22Z
2504666,primitus,Level 2 Seller,5,216,I will build a responsive squarespace website,€,168,Website Building,5911,2019-03-29T16:34:22Z
124977405,pvpprod89,NA,NA,NA,I will build professional wordpress website or blog,€,140,Website Building,5911,2019-03-29T16:34:22Z
124701948,techbetold,NA,4.7,3,I will build a wordpress website using hostgator or bluehost,€,46.58,Website Building,5911,2019-03-29T16:34:22Z
118385382,matt_donnelly,NA,NA,NA,I will collaborate with you to build your website,€,927,Website Building,5911,2019-03-29T16:34:22Z
124888568,single250,NA,NA,NA,I will build you a complete wordpress website,€,88.51,Website Building,5911,2019-03-29T16:34:22Z
104592608,perrydanne,NA,5,82,I will build 10 high quality backlinks for your website,€,46.58,Website Building,5911,2019-03-29T16:34:22Z
31408800,beaverbuilder,Level 2 Seller,5,71,I will create wordpress website with beaver builder,€,46.58,Website Building,5911,2019-03-29T16:34:22Z
118551708,davidrendle,NA,NA,NA,I will design and build your squarespace website,€,624,Website Building,5911,2019-03-29T16:34:22Z
71417441,mostafamoe,Level 1 Seller,5,40,I will build wordpress website pro for you,€,18.63,Website Building,5911,2019-03-29T16:34:22Z
3846393,peterfrog,Level 2 Seller,5,394,I will build responsive wordpress website design,€,4.66,Website Building,5911,2019-03-29T16:34:22Z
99848561,creativedezignz,Level 2 Seller,5,25,I will build a clean and fully responsive wordpress website,€,373,Website Building,5911,2019-03-29T16:34:22Z
96681786,aakash8787,Level 2 Seller,4.9,119,I will create your wordpress website with beaver builder,€,69.87,Website Building,5911,2019-03-29T16:34:22Z
108847387,w3bdesignuk,NA,5,3,"I will design and build a beautiful, bespoke website",€,745,Website Building,5911,2019-03-29T16:34:22Z
109739453,orionwp_com,Level 2 Seller,5,75,I will design your website using elementor pro page builder on wordpress,€,93.16,Website Building,5911,2019-03-29T16:34:22Z
109423247,create_websites,Level 2 Seller,5,107,"I will create wordpress website design,build website in 24h",€,140,Website Building,5911,2019-03-29T16:34:22Z
121579231,shopifyxperts,Level 1 Seller,5,15,"I will build wordpress website, wordpress design, wordpress customization",€,182,Website Building,5911,2019-03-29T16:34:22Z
107151429,rajiur089,NA,4.9,101,I will build your squarespace or shopify store website,€,37.27,Website Building,5911,2019-03-29T16:34:22Z
2306267,arslannawaz,Level 2 Seller,5,721,I will build 50 top local citation manually in USA website to boost your local seo rank,€,9.32,Website Building,5911,2019-03-29T16:34:22Z
119493468,rozyislam,Level 2 Seller,5,42,I will design elegant wordpress website by divi theme and divi builder,€,27.95,Website Building,5911,2019-03-29T16:34:22Z
115837498,sophia_1st,NA,4.9,27,I will build responsive wordpress website design and blog,€,74.53,Website Building,5911,2019-03-29T16:34:22Z
101779144,sofia_rose,Level 2 Seller,5,103,I will build wordpress woocommerce website by woocommerce store,€,93.16,Website Building,5911,2019-03-29T16:34:22Z
60722319,ideasnerd,Level 2 Seller,4.9,200,I will build responsive wordpress website design and blog,€,4.66,Website Building,5911,2019-03-29T16:34:22Z
46853559,safdarrizvi63,Level 1 Seller,5,23,I will build dental wordpress website,€,116,Website Building,5911,2019-03-29T16:34:22Z
32665445,zubair_khan,Level 2 Seller,4.9,164,"I will create website, build wordpress website, custom web design",€,9.32,Website Building,5911,2019-03-29T16:34:22Z
115901475,amazeman,NA,5,17,I will build amazon affiliate website with 8000 products,€,37.27,Website Building,5911,2019-03-29T16:34:22Z
92016001,mankhan,Level 2 Seller,5,11,I will design divi theme builder responsive website,€,27.95,Website Building,5911,2019-03-29T16:34:22Z
122441709,webdesigns_pro,NA,5,7,I will design web pages and build complete website,€,41.92,Website Building,5911,2019-03-29T16:34:22Z
56169294,imtiazz,Level 2 Seller,5,219,"I will create a fully responsive wordpress, build website",€,55.9,Website Building,5911,2019-03-29T16:34:22Z
88047371,shahrukh94,Level 2 Seller,5,196,I will build a professional divi website using divi pagebuilder,€,4.66,Website Building,5911,2019-03-29T16:34:22Z
106039009,twistedweb123,Top Rated Seller,4.9,67,I will search engine optimize your website,€,275,seo,8552,2019-03-29T16:34:32Z
111586435,flori119,Level 2 Seller,5,502,I will top rank your site on first page with supreme seo v1,€,522,seo,8552,2019-03-29T16:34:32Z
72988366,ozzieuk,Top Rated Seller,4.9,1000,I will create a full SEO campaign for your website,€,46.58,seo,8552,2019-03-29T16:34:32Z
107555090,essdex,Level 2 Seller,5,79,I will perform comprehensive SEO service for your website,€,37.27,seo,8552,2019-03-29T16:34:32Z
116786592,fluidicweb,Level 2 Seller,5,72,"I will build dofollow 301 redirect backlink on da 92 plus sites, highest authority SEO",€,23.29,seo,8552,2019-03-29T16:34:32Z
123705406,ofridavid,NA,5,1,"I will publish a guest post on my 73da finance blog , SEO backlink",€,233,seo,8552,2019-03-29T16:34:32Z
107930553,blboss,Level 2 Seller,5,1000,I will boost your google SEO with manual high authority backlinks and trust links,€,4.66,seo,8552,2019-03-29T16:34:32Z
109809085,organicranking,Level 2 Seller,5,51,I will do 5000 plus tiered contextual seo backlinks,€,41.92,seo,8552,2019-03-29T16:34:32Z
104760669,elavin,Level 1 Seller,4.9,85,I will create 5000 dofollow pbn SEO backlinks for google ranking,€,46.58,seo,8552,2019-03-29T16:34:32Z
480545,best_seo,Level 2 Seller,5,1000,I will be your monthly local SEO agency for google maps,€,182,seo,8552,2019-03-29T16:34:32Z
109753684,lisa_rank,Level 2 Seller,5,380,I will do pro1 SEO package and explode your ranking,€,69.87,seo,8552,2019-03-29T16:34:32Z
45973829,markmasonbeast,Level 2 Seller,5,137,I will do 1 month SEO for your website or blog,€,93.16,seo,8552,2019-03-29T16:34:32Z
102665523,virtualsuperman,Level 2 Seller,5,221,I will embed your google map in web2 sites for local SEO,€,4.66,seo,8552,2019-03-29T16:34:32Z
4563766,shokatalam,Level 1 Seller,4.9,269,I will do deep on page SEO of your website,€,27.95,seo,8552,2019-03-29T16:34:32Z
47092594,seodude73,Level 2 Seller,4.9,120,I will improve your SEO by building 297 quality backlinks,€,46.58,seo,8552,2019-03-29T16:34:32Z
103117729,heavisidegroup,NA,4.9,27,I will provide pro SEO backlinks with white hat guest posts,€,93.16,seo,8552,2019-03-29T16:34:32Z
125158999,brady_bear,Level 2 Seller,5,2,I will give uprank armor complete SEO package for your website top ranking,€,65.21,seo,8552,2019-03-29T16:34:32Z
106690891,marleen_seo,NA,5,62,I will do full on site SEO for wordpress or shopify,€,46.58,seo,8552,2019-03-29T16:34:32Z
98003380,brady_bear,Level 2 Seller,4.9,140,"I will create high quality backlinks, monthly SEO service",€,32.61,seo,8552,2019-03-29T16:34:32Z
108580341,ng_1stin,NA,5,3,I will be your SEO agency,€,391,seo,8552,2019-03-29T16:34:32Z
125696370,markduncan338,NA,NA,NA,I will 150 google citations to improve local SEO,€,93.16,seo,8552,2019-03-29T16:34:32Z
123994566,denniskr,NA,4,4,I will search engine optimize your site and deliver more,€,37.27,seo,8552,2019-03-29T16:34:32Z
125038252,fienep,NA,5,2,I will check your website for critical SEO mistakes,€,9.32,seo,8552,2019-03-29T16:34:32Z
123665950,meghans1,NA,4.7,1,I will do onsite SEO markup for search engines,€,13.97,seo,8552,2019-03-29T16:34:32Z
7272462,mattservey,Level 2 Seller,5,278,I will setup onsite SEO for your wix website,€,9.32,seo,8552,2019-03-29T16:34:32Z
122655776,georgepritchard,NA,5,1,I will create a clear and epic SEO strategy report,€,559,seo,8552,2019-03-29T16:34:32Z
124308522,net_links,NA,5,10,I will boost your google ranking with high authority seo backlinks,€,4.66,seo,8552,2019-03-29T16:34:32Z
3754429,webseowizard,Level 2 Seller,5,41,I will do onsite SEO for your website or blog,€,18.63,seo,8552,2019-03-29T16:34:32Z
116558615,seonex,Level 2 Seller,5,37,I will build 100 unique domain SEO backlinks on da100 tf100 sites,€,23.29,seo,8552,2019-03-29T16:34:32Z
110141130,heavisidegroup,NA,4,4,I will fix your on site SEO,€,186,seo,8552,2019-03-29T16:34:32Z
110789362,bravedigital,Level 2 Seller,4.9,68,I will do the ultimate SEO campaign for google first page ranking,€,46.58,seo,8552,2019-03-29T16:34:32Z
39847635,zuhairhussain,Top Rated Seller,4.9,380,I will do complete SEO optimization for top google ranking,€,69.87,seo,8552,2019-03-29T16:34:32Z
125272327,one_rank,NA,5,41,I will boost your google ranking with seo backlinks,€,4.66,seo,8552,2019-03-29T16:34:32Z
46996614,lisa_rank,Level 2 Seller,5,497,"I will elevate your ranking, monthly SEO services",€,37.27,seo,8552,2019-03-29T16:34:32Z
121001858,jayashree555,Level 2 Seller,5,3,I will do weekly 14 days monthly SEO backlink building,€,23.29,seo,8552,2019-03-29T16:34:32Z
109819674,localinteractiv,NA,5,44,I will provide SEO plan for your site to rank first,€,140,seo,8552,2019-03-29T16:34:32Z
59438,markp,Top Rated Seller,5,1000,I will create a SEO audit report and action plan and implement it,€,13.97,seo,8552,2019-03-29T16:34:32Z
123493791,alex_rumer,Level 2 Seller,4.9,159,I will help you rank higher on google with safe high da SEO contextual backlinks,€,4.66,seo,8552,2019-03-29T16:34:32Z
1240615,ozzieuk,Top Rated Seller,5,1000,I will catapult your rankings with my high pr seo authority links,€,18.63,seo,8552,2019-03-29T16:34:32Z
40139815,ankitaphp,Level 2 Seller,5,12,I will improve the ranking of your magento website with SEO,€,65.21,seo,8552,2019-03-29T16:34:32Z
114986610,marleen_seo,NA,4.9,11,"I will do on page SEO for squarespace, wix, joomla or weebly site",€,46.58,seo,8552,2019-03-29T16:34:32Z
119136775,aw_services,Level 2 Seller,5,9,I will be your french SEO agency during 4 weeks,€,182,seo,8552,2019-03-29T16:34:32Z
104510035,tuhin2u,Level 2 Seller,4.9,158,I will do monthly SEO service to create high da whitehat backlinks,€,51.24,seo,8552,2019-03-29T16:34:32Z
107320393,serplab,Level 2 Seller,5,302,"I will build high authority backlinks from top news sites via 301 redirect, high da SEO",€,23.29,seo,8552,2019-03-29T16:34:32Z
47429234,nancy4u,Level 2 Seller,5,296,I will create 50 SEO authority backlinks with da 60 to 90,€,4.66,seo,8552,2019-03-29T16:34:32Z
67036611,ana_seo_85,Level 2 Seller,5,130,I will build perfect seo strategy backlinks,€,512,seo,8552,2019-03-29T16:34:32Z
17885759,niche_backlink,Level 2 Seller,4.9,237,I will rank you first using 2019 best SEO service,€,41.92,seo,8552,2019-03-29T16:34:32Z
78119501,ifajig,Level 1 Seller,4.9,387,I will post safe seo high trust flow tumblr pbn back links rank any site any keyword,€,93.16,seo,8552,2019-03-29T16:34:32Z
